user_id,content_id,watch_time,subscription_type,device,watched_to_end,watch_date
1051,256,12.49,Basic,DESKTOP,0,2023-01-12
1092,216,-18.03530015621839,Basic,TV,0,2023-01-04
1014,285,49.15,Premium,Mobile,0,2023-01-28
1071,289,143.76,Premium,Mobile,1,2023-01-13
1060,243,56.55,Standard,Desktop,0,INVALID
1020,224,82.48,Standard,Mobile,1,2023-01-31
1082,216,3.08,Standard,Desktop,1,2023-01-27
1086,212,13.97,Standard,Mobile,0,2023-01-08
1074,283,71.26,Standard,Mobile,1,2023-01-26
1074,224,86.91,Standard,Desktop,1,2023-01-20
1087,267,108.4,BASIC,Desktop,1,2023-01-03
1099,209,53.21,Basic,TV,1,2023-01-12
1023,266,125.4,Premium,Mobile,1,2023-01-07
1002,217,154.96,Basic,Desktop,1,2023-01-12
1021,299,140.59,Premium,Mobile,0,2023-01-02
1052,285,8.09,Premium,Mobile,0,2023-01-24
1001,233,87.01,Premium,Desktop,0,2023-01-14
1087,207,19.78,Basic,Mobile,0,2023-01-22
1029,239,44.33,Standard,Mobile,0,2023-01-23
1037,282,177.61,Standard,Mobile,0,2023-01-30
1001,241,26.51,Premium,Mobile,0,2023-01-05
1063,240,90.3,Standard,Mobile,1,2023-01-09
1059,300,111.65,Standard,Mobile,1,2023-01-21
1020,205,126.74,Standard,Mobile,1,2023-01-11
1032,251,101.18,Standard,Mobile,0,2023-01-05
1075,225,2.75,Standard,Desktop,1,2023-01-03
1057,263,59.44,Basic,Mobile,1,2023-01-27
1021,297,93.67,Null,Mobile,0,2023-01-17
1088,258,16.73,Premium,Mobile,0,2023-01-02
1048,255,63.76,standard,Desktop,1,2023-01-24
1090,258,6.94,Basic,TV,1,2023-01-31
1058,269,15.07,Premium,TV,0,2023-01-01
1041,300,72.05,Premium,TV,0,2023-01-07
1091,232,24.76,Premium,Desktop,0,2023-01-30
1059,252,102.59,Premium,Desktop,1,2023-01-14
1079,221,124.41,Standard,Desktop,1,2023-01-05
1014,220,144.31,Premium,Mobile,0,2023-01-19
1061,269,36.83,Standard,Mobile,0,2023-01-28
1061,269,30.98,Basic,Mobile,1,2023-01-28
1046,203,19.72,Standard,mobille,1,2023-01-31
1061,293,114.92,standard,Desktop,0,2023-01-11
1050,274,-11.02372708506788,Premium,TV,1,2023-01-23
1054,261,6.65,Null,Mobile,0,2023-01-25
1063,261,168.58,Premium,Desktop,0,2023-01-02
1002,293,10.3,Basic,Mobile,1,2023-01-08
1100,294,97.89,Basic,Mobile,0,2023-01-09
1050,223,127.92,Basic,TV,1,2023-01-27
1006,254,156.9,Basic,Desktop,1,2023-01-03
1020,208,128.82,Standard,Mobile,1,2023-01-02
1072,202,144.51,Basic,TV,0,2023-01-07
1038,230,61.76,Standard,Mobile,0,2023-01-05
1017,239,146.85,standard,NULL,0,2023-01-21
1003,300,15.34,Standard,Mobile,1,2023-01-26
1088,235,161.17,Premium,Mobile,1,2023-01-05
1059,223,99.02,Premium,Mobile,1,2023-01-20
1013,294,147.3,Basic,Mobile,1,2023-01-13
1008,205,81.96,Standard,Mobile,1,2023-01-21
1089,265,116.2,Basic,Desktop,1,2023-01-29
1052,283,95.23,Standard,TV,0,2023-01-20
1001,291,131.95,Premium,TV,0,2023-01-31
1083,274,15.61,Basic,Mobile,1,2023-01-29
1091,203,11.8,Basic,Desktop,0,2023-01-06
1059,278,45.23,Standard,Mobile,0,2023-01-20
1070,205,29.56,Null,Mobile,1,2023-01-18
1043,293,157.05,Premium,Desktop,1,2023-01-25
1007,250,40.24,Premium,Desktop,0,2023-01-02
1046,261,175.68,Basic,Mobile,1,2023-01-25
1034,256,61.3,Premium,Mobile,1,2023-01-26
1077,265,33.6,Premium,NULL,0,2023-01-06
1080,278,142.36,Premium,Mobile,0,2023-01-09
1035,274,118.91,Null,Desktop,0,2023-01-25
1049,207,90.18,Standard,Desktop,1,2023-01-03
1003,225,100.41,standard,Mobile,1,2023-01-01
1001,250,129.74,BASIC,Mobile,1,2023-01-01
1005,244,41.89,Basic,Mobile,1,2023-01-19
1053,243,179.34,Standard,TV,0,2023-01-05
1003,204,175.49,Null,Desktop,0,2023-01-13
1053,269,117.41,Basic,Desktop,1,2023-01-19
1092,225,36.72,Standard,NULL,0,2023-01-12
1062,267,122.76,Null,TV,0,2023-01-16
1017,218,13.92,Standard,Desktop,0,2023-01-25
1089,283,6.49,Basic,Desktop,0,2023-01-25
1043,296,47.13,Standard,Desktop,0,2023-01-19
1033,219,83.81,Basic,Desktop,0,2023-01-03
1073,211,156.42,Standard,Desktop,0,2023-01-12
1061,246,131.16,Basic,Desktop,0,2023-01-30
1099,200,133.94,Premium,Mobile,1,2023-01-05
1013,289,77.16,Standard,Desktop,1,2023-01-02
1094,213,62.92,Premium,Mobile,0,2023-01-22
1047,263,67.42,Premium,Mobile,1,2023-01-07
1014,237,177.79,Standard,Mobile,0,2023-01-13
1071,236,8.18,Premium,Desktop,1,2023-01-25
1077,210,156.2,Basic,Desktop,1,2023-01-15
1086,299,104.58,Standard,Mobile,1,2023-01-22
1061,276,79.51,Basic,Desktop,1,2023-01-03
1039,202,130.82,BASIC,Desktop,0,2023-01-28
1084,232,88.11,Basic,Mobile,0,2023-01-21
1079,205,157.34,Standard,Desktop,1,2023-01-20
1081,249,162.23,Premium,TV,0,2023-01-31
1052,209,76.49,Standard,TV,0,2023-01-05
1023,204,50.55,Basic,Desktop,1,2023-01-24
1025,222,107.03,Standard,Desktop,1,2023-01-08
1088,209,164.31,Premium,Mobile,1,2023-01-22
1059,243,38.71,Premium,Mobile,0,2023-01-01
1040,201,112.51,Standard,Mobile,1,2023-01-08
1028,212,114.05,Standard,DESKTOP,0,2023-01-24
1014,239,132.23,Standard,Mobile,0,2023-01-18
1044,201,24.55,Premium,Mobile,1,2023-01-20
1064,283,129.13,Standard,TV,0,2023-01-28
1088,264,163.72,Standard,DESKTOP,0,2023-01-16
1070,262,33.16,Basic,TV,1,2023-01-18
1008,300,43.52,Basic,Mobile,0,2023-01-20
1087,272,174.88,Basic,Mobile,0,2023-01-12
1000,216,33.39,Basic,Mobile,0,2023-01-13
1007,208,153.93,Standard,Mobile,0,2023-01-13
1087,274,89.12,Premium,Mobile,0,2023-01-10
1062,214,45.25,Basic,Desktop,1,2023-01-07
1010,223,156.86,standard,DESKTOP,1,2023-01-25
1080,237,80.71,Basic,Mobile,0,2023-01-14
1007,234,93.15,Premium,Desktop,1,2023-01-30
1034,293,65.3,Premium,Desktop,0,2023-01-24
1034,294,107.14,Standard,Mobile,0,2023-01-16
1032,248,30.27,Basic,Desktop,1,2023-01-15
1004,268,71.0,Premium,Mobile,0,2023-01-12
1040,261,174.52,Standard,Mobile,,2023-01-09
1027,259,47.21,standard,TV,0,2023-01-08
1006,249,118.56,Standard,Mobile,1,2023-01-18
1072,277,59.21,standard,NULL,0,2023-01-23
1071,274,139.45,Basic,Mobile,0,2023-01-18
1011,208,24.43,Premium,Desktop,0,2023-01-13
1033,233,174.6,Premium,Desktop,1,2023-01-28
1032,275,82.23,Premium,Mobile,1,2023-01-27
1047,298,43.25,Basic,Mobile,1,2023-01-18
1022,234,14.16,Premium,Desktop,0,2023-01-15
1061,200,31.39,Standard,TV,0,2023-01-04
1087,239,94.04,Premium,TV,0,2023-01-17
1036,263,61.32,Standard,Desktop,1,2023-01-31
1098,221,149.37,Premium,TV,1,2023-01-05
1043,259,78.13,Basic,Desktop,0,2023-01-22
1085,263,45.52,Premium,TV,1,2023-01-16
1090,292,111.47,Premium,Desktop,0,2023-01-09
1034,271,127.51,Premium,Desktop,1,2023-01-10
1064,210,30.9,Standard,TV,1,2023-01-24
1098,300,31.0,Standard,Mobile,0,2023-01-18
1100,213,7.56,Null,TV,0,2023-01-17
1046,259,132.82,Basic,Desktop,,2023-01-18
1077,229,119.82,Standard,Mobile,1,2023-01-07
1002,234,85.96,Premium,Mobile,1,2023-01-04
1000,284,152.11,Premium,Mobile,1,2023-01-26
1004,236,145.21,Basic,Desktop,0,2023-01-05
1089,204,266.51461942384054,Premium,TV,1,2023-01-28
1013,282,156.42,Premium,Mobile,1,2023-01-23
1026,277,37.85,Basic,TV,1,2023-01-16
1008,225,21.03,BASIC,TV,0,2023-01-03
1078,261,49.29,Basic,Mobile,0,2023-01-26
1014,203,11.22,Standard,TV,0,2023-01-18
1089,288,96.08,Basic,NULL,0,2023-01-29
1041,241,168.65,Basic,TV,0,2023-01-23
1076,288,8.04,BASIC,TV,0,2023-01-21
1050,217,22.86,Standard,NULL,0,2023-01-14
1062,239,81.94,Standard,Desktop,0,2023-01-15
1095,271,168.16,Basic,Mobile,1,2023-01-17
1051,238,57.59,Standard,TV,0,2023-01-01
1095,213,91.8,Standard,Desktop,0,2023-01-25
1003,231,8.44,Standard,Desktop,0,2023-01-21
1093,250,27.55,Standard,Mobile,0,2023-01-17
1100,237,177.61,Premium,TV,1,2023-01-23
1022,296,173.76,Standard,Mobile,0,2023-01-25
1014,222,1.88,Standard,mobille,1,2023-01-11
1042,262,171.37,Basic,Mobile,1,2023-01-17
1028,214,115.4,Premium,Mobile,1,2023-01-26
1035,296,156.36,Standard,Desktop,1,2023-01-14
1012,224,82.4,Standard,Mobile,1,2023-01-29
1031,216,93.29,Basic,Desktop,1,2023-01-20
1070,296,88.5,Null,mobille,0,2023-01-30
1058,265,120.37,Basic,TV,0,2023-01-19
1085,277,26.0,Premium,Mobile,1,2023-01-21
1027,252,6.37,Standard,Mobile,0,2023-01-07
1065,250,56.12,Basic,TV,0,2023-01-24
1041,238,127.14,Premium,mobille,1,2023-01-13
1044,250,37.13,Standard,Desktop,1,2023-01-18
1061,269,121.54,Premium,Desktop,0,2023-01-23
1056,205,174.61,BASIC,Mobile,1,2023-01-30
1005,266,17.81,Premium,TV,0,2023-01-14
1027,206,203.08579043080724,Basic,Desktop,1,2023-01-01
1027,250,80.43,Premium,Mobile,0,2023-01-07
1043,271,156.4,Standard,Mobile,0,2023-01-08
1083,241,32.71,Premium,TV,1,2023-01-18
1029,263,124.98,Premium,Mobile,0,2023-01-09
1061,214,151.02,Premium,Mobile,1,2023-01-01
1074,228,170.09,Standard,Desktop,0,2023-01-29
1091,232,123.3,Standard,Mobile,0,2023-01-22
1088,293,89.99,Basic,Mobile,1,2023-01-17
1061,226,111.59,Premium,TV,0,2023-01-19
1096,235,156.53,Standard,TV,0,2023-01-27
1000,228,103.14,Standard,TV,0,2023-01-06
1026,237,6.44,Premium,TV,1,2023-01-03
1061,256,167.64,Standard,Desktop,1,2023-01-24
1076,296,124.43,Basic,TV,,2023-01-05
1002,300,122.1,Standard,Mobile,0,2023-01-02
1069,226,39.61,Standard,Desktop,0,2023-01-20
1071,254,118.94,Standard,NULL,0,2023-01-25
1026,232,71.5,Basic,Mobile,1,2023-01-04
1008,267,117.57,Basic,Mobile,0,2023-01-10
1061,285,20.08,Basic,Desktop,1,2023-01-10
1036,265,118.75,Premium,Mobile,0,2023-01-24
1096,209,179.9,Basic,Mobile,,2023-01-21
1050,204,9.63,Standard,TV,1,2023-01-11
1043,273,175.91,BASIC,NULL,1,2023-01-27
1023,296,73.84,Basic,Desktop,0,2023-01-16
1078,237,156.86,Standard,Mobile,0,2023-01-26
1058,212,141.05,Premium,Mobile,0,2023-01-29
1031,230,102.5,standard,TV,0,2023-01-29
1095,246,133.18,Premium,Desktop,0,2023-01-30
1087,299,158.25,Premium,Mobile,1,2023-01-31
1051,287,73.34,Premium,Desktop,0,2023-01-17
1061,251,59.54,Standard,Mobile,1,2023-01-16
1057,255,120.5,Premium,Desktop,1,2023-01-07
1051,214,145.6,Basic,TV,0,2023-01-16
1011,228,137.45,BASIC,Desktop,1,2023-01-03
1038,207,143.81,Standard,Desktop,0,INVALID
1001,204,78.97,Standard,Mobile,0,2023-01-16
1002,228,147.39,Basic,TV,0,2023-01-08
1100,246,22.52,Premium,Desktop,1,2023-01-30
1055,267,98.46,Basic,Mobile,0,2023-01-12
1080,275,2.03,Premium,Desktop,0,2023-01-03
1058,244,59.1,Premium,Mobile,1,2023-01-17
1001,201,66.6,Basic,TV,0,2023-01-21
1001,226,71.91,Premium,Desktop,1,2023-01-18
1091,294,125.49,Premium,NULL,1,2023-01-11
1053,235,70.55,Premium,Mobile,,2023-01-04
1086,235,81.32,Standard,TV,0,2023-01-16
1100,225,43.52,Basic,Desktop,0,2023-01-17
1095,242,67.81,Basic,TV,0,2023-01-09
1096,226,41.68,Standard,Mobile,0,2023-01-06
1000,268,14.1,BASIC,Desktop,0,2023-01-24
1018,219,109.02,Basic,TV,0,2023-01-27
1001,210,120.61,Premium,Mobile,1,2023-01-20
1052,273,111.89,Standard,Mobile,1,2023-01-25
1043,237,83.97,Standard,Desktop,0,2023-01-02
1089,205,68.98,Premium,Desktop,0,2023-01-09
1031,271,155.54,Premium,Mobile,0,2023-01-28
1069,222,93.92,Standard,Mobile,0,2023-01-21
1031,246,86.77,Standard,Mobile,1,2023-01-29
1067,289,5.59,Standard,TV,1,2023-01-06
1054,245,62.08,Basic,Desktop,1,2023-01-03
1074,211,69.06,Basic,TV,1,2023-01-20
1055,289,72.39,Standard,NULL,1,2023-01-06
1016,212,104.85,Standard,Desktop,1,2023-01-07
1037,261,96.51,Premium,Mobile,0,2023-01-01
1023,281,109.82,Standard,Mobile,1,2023-01-23
1068,288,137.91,Standard,Mobile,0,2023-01-01
1097,296,146.52,Standard,DESKTOP,0,2023-01-05
1069,259,129.54,Premium,Desktop,0,2023-01-06
1085,242,172.04,Premium,Mobile,0,2023-01-13
1010,275,4.26,Standard,Mobile,1,2023-01-02
1015,299,36.04,Premium,Desktop,0,2023-01-15
1096,267,2.35,Basic,Desktop,0,2023-01-15
1072,204,116.9,Standard,Mobile,0,2023-01-13
1058,236,161.75,Standard,NULL,1,2023-01-26
1069,271,44.58,Standard,Desktop,0,2023-01-25
1079,291,166.94,Premium,Mobile,1,2023-01-14
1092,230,11.79,Premium,TV,1,2023-01-26
1002,208,168.26,Basic,Mobile,1,2023-01-22
1019,250,63.94,Premium,mobille,1,2023-01-07
1058,228,19.15,Standard,NULL,0,2023-01-14
1035,277,87.97,Basic,TV,0,2023-01-31
1018,239,46.96,Basic,TV,1,2023-01-26
1089,240,51.99,Standard,Mobile,0,2023-01-31
1066,285,56.0,Basic,DESKTOP,0,2023-01-24
1018,210,144.74,Basic,Desktop,1,2023-01-27
1019,222,97.51,Basic,TV,0,2023-01-31
1095,200,56.72,Standard,mobille,1,2023-01-29
1070,245,110.25,Premium,NULL,0,2023-01-10
1051,300,129.19,Standard,TV,1,2023-01-17
1032,220,49.8,Null,Mobile,1,2023-01-14
1039,289,75.03,Standard,DESKTOP,1,2023-01-08
1038,235,22.82,Premium,Desktop,0,2023-01-04
1081,253,33.43,Premium,DESKTOP,1,2023-01-26
1000,286,122.92,Premium,Desktop,1,2023-01-16
1010,256,33.48,Standard,Mobile,0,2023-01-24
1091,200,95.0,Premium,Mobile,0,2023-01-13
1056,262,127.92,Basic,Desktop,1,2023-01-31
1088,253,20.13,Standard,TV,1,2023-01-22
1049,254,102.55,Standard,Mobile,0,2023-01-27
1022,239,46.92,Standard,Desktop,1,2023-01-25
1030,214,173.36,Basic,Mobile,0,2023-01-27
1093,220,87.55,standard,TV,0,2023-01-20
1041,246,145.27,Premium,Desktop,1,2023-01-18
1098,272,99.49,Standard,Mobile,1,2023-01-14
1006,252,8.77,standard,Mobile,1,2023-01-18
1015,208,114.33,Standard,Mobile,,2023-01-05
1089,273,171.3,Null,Desktop,0,2023-01-26
1059,251,108.69,Standard,Mobile,0,2023-01-09
1001,256,147.63,Basic,Mobile,0,2023-01-28
1000,225,159.27,Premium,DESKTOP,1,2023-01-03
1047,240,41.83,Premium,TV,1,2023-01-08
1011,234,38.96,Premium,Desktop,0,2023-01-20
1068,262,110.37,standard,NULL,0,2023-01-22
1036,224,74.57,Premium,Mobile,0,2023-01-10
1031,289,151.34,Premium,Desktop,1,2023-01-22
1008,274,162.1,Premium,Desktop,0,2023-01-19
1098,237,64.26,Premium,Desktop,0,2023-01-30
1018,201,43.4,Standard,Mobile,1,2023-01-21
1047,206,140.71,Premium,Desktop,1,2023-01-28
1079,281,50.19,Basic,Desktop,1,2023-01-03
1002,290,148.25,Premium,TV,1,2023-01-11
1019,233,221.33933479756894,Premium,Mobile,0,2023-01-31
1023,290,-0.5516000191979344,Premium,Mobile,1,2023-01-11
1053,216,18.1,Premium,Mobile,1,2023-01-31
1032,242,112.67,Premium,Mobile,1,2023-01-17
1023,258,81.87,Standard,Desktop,0,2023-01-16
1074,250,106.0,Premium,Mobile,0,2023-01-07
1071,253,31.07,Basic,TV,0,2023-01-04
1035,223,132.9,Basic,Mobile,0,2023-01-30
1037,224,155.44,Basic,Mobile,1,2023-01-23
1083,270,39.8,Standard,Desktop,0,2023-01-19
1098,251,18.13,Standard,Mobile,0,2023-01-12
1088,269,5.23,Premium,Desktop,0,2023-01-15
1098,287,115.91,Standard,Desktop,0,2023-01-31
1024,232,109.67,Standard,Mobile,0,2023-01-11
1092,248,98.86,Basic,Mobile,0,2023-01-05
1017,228,42.52,Standard,Mobile,0,2023-01-05
1081,262,70.97,Premium,Mobile,1,2023-01-15
1065,221,107.41,Basic,Mobile,1,2023-01-29
1053,225,89.92,Basic,Mobile,0,2023-01-18
1034,227,177.81,Basic,Mobile,1,2023-01-11
1079,284,25.42,Basic,Desktop,1,2023-01-26
1060,248,125.43,Standard,Desktop,1,2023-01-12
1040,270,73.37,Basic,Desktop,0,2023-01-02
1099,280,77.65,Premium,Mobile,0,2023-01-20
1032,283,129.45,Premium,Mobile,0,2023-01-15
1067,248,124.95,Standard,TV,0,2023-01-20
1032,219,285.0471614760838,Null,Desktop,0,2023-01-04
1013,285,-4.385362935981981,Standard,TV,1,2023-01-22
1020,291,19.64,Standard,Mobile,0,2023-01-18
1047,262,130.66,Null,Desktop,0,2023-01-06
1019,260,104.53,Basic,Desktop,1,2023-01-23
1007,248,50.07,standard,Mobile,0,2023-01-27
1006,270,15.22,Basic,Desktop,1,2023-01-26
1066,200,16.33,Standard,Desktop,1,2023-01-19
1016,295,161.06,Basic,Mobile,1,2023-01-11
1032,212,35.34,Premium,Mobile,,2023-01-28
1047,293,58.88,Premium,TV,0,2023-01-24
1075,286,41.57,Premium,mobille,1,2023-01-02
1058,250,64.54,Standard,Mobile,1,2023-01-27
1085,255,13.43,Standard,Mobile,1,2023-01-08
1021,282,93.91,Basic,Mobile,0,2023-01-29
1029,261,13.1,Standard,Desktop,1,2023-01-11
1037,231,144.26,BASIC,Mobile,0,2023-01-05
1050,229,42.83,Standard,NULL,1,2023-01-18
1053,228,97.66,Premium,Mobile,0,2023-01-23
1007,248,158.53,Premium,Mobile,1,2023-01-30
1026,244,117.51,Standard,Desktop,1,2023-01-18
1026,292,96.4,Premium,TV,0,2023-01-14
1097,229,59.06,Basic,Desktop,0,2023-01-22
1020,215,60.61,Basic,Desktop,0,2023-01-10
1029,239,120.84,Basic,NULL,1,2023-01-03
1096,218,178.95,Standard,Mobile,1,2023-01-09
1027,217,119.47,Standard,TV,1,2023-01-03
1063,200,100.84,Standard,Mobile,1,2023-01-11
1096,277,131.79,Standard,TV,1,2023-01-31
1068,246,84.27,Standard,Desktop,0,2023-01-12
1060,265,11.77,Premium,Mobile,0,2023-01-12
1047,291,101.65,Premium,TV,1,
1018,293,172.41,Basic,Mobile,0,2023-01-21
1003,237,32.38,Basic,Mobile,0,2023-01-07
1034,250,124.51,Premium,Desktop,0,2023-01-14
1063,262,36.97,Standard,Mobile,0,2023-01-24
1048,203,96.91,Premium,Desktop,1,2023-01-28
1016,200,18.31,Standard,Mobile,0,2023-01-11
1043,207,81.62,Standard,Mobile,1,2023-01-07
1091,228,136.35,Basic,Mobile,0,2023-01-25
1029,254,63.22,Basic,Mobile,0,2023-01-21
1092,202,120.02,Premium,Desktop,0,2023-01-10
1045,231,143.39,Standard,TV,1,2023-01-11
1005,209,166.96,Premium,mobille,1,2023-01-15
1098,273,43.0,Premium,TV,1,2023-01-19
1036,282,72.48,Standard,Mobile,1,2023-01-16
1023,233,28.28,Premium,Desktop,1,2023-01-22
1092,296,178.65,Standard,Mobile,1,2023-01-21
1045,286,166.93,Standard,Mobile,1,2023-01-28
1052,254,97.65,Premium,Desktop,1,2023-01-20
1094,291,151.72,Standard,Mobile,0,2023-01-12
1098,231,94.25,Standard,Mobile,1,2023-01-18
1059,249,112.62,Basic,DESKTOP,1,2023-01-23
1096,206,16.95,Standard,Desktop,1,2023-01-13
1062,292,136.19,Premium,Desktop,0,2023-01-05
1084,207,23.86,Premium,Mobile,1,2023-01-04
1031,264,148.87,Premium,Mobile,1,2023-01-28
1086,256,140.98,Premium,TV,0,2023-01-14
1032,266,127.87,Standard,Mobile,1,2023-01-08
1066,287,7.47,Standard,Desktop,0,2023-01-09
1017,286,55.26,Basic,Mobile,0,2023-01-25
1024,258,48.1,Standard,Desktop,0,2023-01-19
1094,271,65.46,Standard,Mobile,0,2023-01-03
1053,253,16.69,standard,TV,1,2023-01-05
1057,300,168.72,Standard,TV,0,2023-01-21
1066,266,100.13,Standard,TV,0,2023-01-26
1045,250,55.69,Standard,Mobile,0,2023-01-18
1023,296,72.06,Premium,TV,0,2023-01-01
1031,291,81.05,Premium,Desktop,0,2023-01-08
1046,207,108.51,Basic,Mobile,1,
1085,233,93.31,Standard,Desktop,0,2023-01-17
1022,234,165.57,Premium,Mobile,1,2023-01-17
1065,295,89.96,Standard,Mobile,1,2023-01-11
1026,287,178.6,Basic,TV,0,2023-01-31
1001,277,153.41,Premium,Mobile,1,2023-01-02
1089,231,38.32,Premium,Desktop,0,2023-01-06
1016,245,167.58,Basic,Mobile,0,2023-01-22
1032,215,21.83,Premium,TV,0,2023-01-14
1008,267,147.32,Premium,DESKTOP,0,2023-01-03
1042,236,69.13,Standard,TV,1,2023-01-12
1047,253,158.16,Null,Mobile,1,2023-01-04
1038,284,156.38,Premium,Mobile,0,2023-01-12
1092,213,145.26,Premium,Desktop,1,2023-01-13
1041,294,142.42,Premium,Mobile,0,2023-01-02
1025,254,55.54,Basic,Mobile,1,2023-01-02
1098,247,15.48,Basic,Desktop,0,2023-01-15
1049,281,73.13,Standard,Desktop,0,2023-01-23
1024,206,32.06,Basic,NULL,0,2023-01-29
1023,273,125.4,Standard,Mobile,0,2023-01-17
1012,206,62.95,Premium,Mobile,1,2023-01-07
1059,232,175.63,Premium,Mobile,1,2023-01-30
1006,222,115.73,Premium,mobille,0,2023-01-28
1056,284,148.22,Premium,TV,1,2023-01-14
1035,218,24.72,Premium,TV,1,2023-01-12
1044,218,155.3,Standard,mobille,1,2023-01-30
1019,235,166.17,Basic,Desktop,0,2023-01-17
1064,228,88.18,Standard,Desktop,0,2023-01-14
1007,259,109.52,Premium,Mobile,1,2023-01-06
1015,281,137.9,Standard,Desktop,1,2023-01-19
1013,201,32.3,Premium,Desktop,0,2023-01-24
1075,200,90.96,Basic,Desktop,0,2023-01-06
1086,246,72.36,Premium,DESKTOP,0,2023-01-27
1014,268,27.2,Premium,NULL,1,2023-01-18
1091,219,66.79,Premium,TV,1,2023-01-24
1097,210,13.2,Null,TV,0,2023-01-05
1065,201,5.62,Premium,Desktop,1,2023-01-24
1031,266,25.19,BASIC,Mobile,1,2023-01-24
1086,286,173.4,standard,Mobile,1,2023-01-06
1062,211,99.37,Premium,Desktop,1,2023-01-02
1085,219,173.88,Premium,TV,1,2023-01-08
1050,204,78.42,Basic,Mobile,0,2023-01-15
1024,236,56.82,Standard,mobille,1,2023-01-15
1057,237,91.6,Standard,Mobile,0,2023-01-11
1062,293,79.67,Standard,Mobile,0,2023-01-22
1061,208,19.91,Standard,Desktop,0,2023-01-22
1021,297,115.71,Null,Mobile,0,2023-01-24
1057,252,39.67,Premium,Mobile,0,2023-01-01
1057,243,111.91,Premium,Mobile,0,2023-01-18
1085,298,117.39,Standard,TV,1,2023-01-12
1048,285,28.21,Basic,Desktop,0,2023-01-12
1051,223,11.98,Basic,Desktop,1,2023-01-25
1041,280,140.76,Standard,Desktop,0,2023-01-11
1069,273,83.3,Basic,Mobile,1,2023-01-28
1014,229,11.41,Basic,NULL,1,2023-01-08
1053,258,205.18952995184108,BASIC,Mobile,0,2023-01-28
1059,286,-5.830206050144053,Premium,DESKTOP,1,2023-01-07
1100,295,125.41,Standard,Desktop,1,2023-01-23
1096,280,214.21704467038955,Basic,DESKTOP,1,2023-01-21
1007,280,43.81,Standard,Mobile,1,2023-01-02
1052,213,26.46,Basic,Desktop,1,2023-01-11
1059,208,22.73,standard,Mobile,1,2023-01-22
1004,239,55.29,Standard,Mobile,0,2023-01-10
1067,265,19.09,Standard,Desktop,0,2023-01-03
1005,224,124.9,Standard,Mobile,1,2023-01-20
1095,272,12.15,Basic,Desktop,0,2023-01-29
1093,221,92.19,Premium,Mobile,0,2023-01-10
1046,203,179.41,Premium,Mobile,0,2023-01-28
1098,225,146.7,Premium,TV,0,2023-01-27
1054,257,111.12,Basic,Desktop,,2023-01-18
1039,228,55.82,Standard,Desktop,0,2023-01-14
1051,297,112.68,Standard,Desktop,0,2023-01-18
1015,286,95.34,Premium,TV,1,2023-01-28
1012,236,77.27,Standard,Mobile,1,2023-01-24
1029,274,24.4,Standard,Desktop,0,2023-01-08
1018,269,159.7,Premium,DESKTOP,0,2023-01-10
1016,217,81.51,Premium,TV,1,2023-01-22
1062,284,35.84,Standard,Desktop,1,2023-01-13
1018,241,66.83,Standard,Desktop,0,2023-01-21
1091,299,75.13,Standard,TV,0,2023-01-08
1057,240,149.13,Premium,Desktop,0,2023-01-04
1054,237,132.32,Standard,Mobile,0,2023-01-27
1089,233,138.71,standard,Mobile,0,2023-01-04
1100,216,2.97,Standard,TV,1,2023-01-05
1089,236,75.49,standard,Mobile,0,2023-01-01
1061,224,87.16,Premium,TV,1,2023-01-17
1022,275,4.44,Standard,Mobile,0,2023-01-02
1008,286,47.51,Premium,Desktop,1,2023-01-30
1011,285,137.09,Basic,Mobile,1,2023-01-08
1000,284,25.54,BASIC,Mobile,0,2023-01-07
1057,226,96.82,Premium,DESKTOP,1,2023-01-31
1000,256,39.52,Basic,TV,0,2023-01-15
1033,230,3.17,Premium,Desktop,1,2023-01-26
1095,205,44.18,Null,Desktop,1,2023-01-25
1047,290,175.68,Basic,Desktop,0,2023-01-05
1088,239,144.48,Standard,Desktop,0,2023-01-02
1000,297,172.76,Premium,Desktop,0,2023-01-07
1015,211,88.33,Premium,Mobile,1,2023-01-31
1060,252,20.64,Standard,Desktop,0,
1063,270,99.08,Basic,TV,0,2023-01-28
1062,209,82.33,Basic,NULL,0,2023-01-07
1068,244,152.14,Standard,Mobile,0,2023-01-30
1021,216,18.56,Standard,TV,1,2023-01-07
1092,225,88.4,standard,Desktop,0,2023-01-28
1066,284,27.86,Basic,Desktop,1,2023-01-31
1075,291,59.12,Premium,Mobile,0,2023-01-14
1025,261,132.99,Basic,Desktop,0,2023-01-21
1015,245,86.21,Basic,Mobile,1,2023-01-18
1050,263,68.28,Standard,Mobile,,2023-01-06
1100,201,71.61,Standard,TV,1,2023-01-04
1085,253,83.24,Premium,TV,0,2023-01-10
1056,264,141.52,BASIC,Desktop,0,2023-01-18
1028,250,160.68,Premium,DESKTOP,1,2023-01-12
1077,252,172.0,standard,Mobile,0,2023-01-16
1091,235,141.86,Premium,Mobile,0,2023-01-25
1068,225,57.46,Standard,Desktop,1,2023-01-07
1046,228,124.18,Premium,Mobile,1,2023-01-06
1093,220,79.33,Premium,Mobile,,2023-01-28
1061,210,46.59,Basic,Mobile,1,2023-01-05
1068,239,151.52,Premium,Mobile,1,2023-01-03
1075,210,7.88,Basic,TV,0,2023-01-12
1015,235,162.42,Standard,Mobile,0,2023-01-31
1089,258,83.6,Premium,Desktop,1,2023-01-15
1089,238,115.06,Basic,Mobile,1,2023-01-10
1047,298,119.02,Basic,Desktop,0,2023-01-26
1084,253,161.23,BASIC,Mobile,0,2023-01-20
1038,297,114.96,Premium,TV,0,2023-01-19
1099,254,110.89,Basic,Desktop,1,2023-01-16
1032,223,12.93,Premium,Mobile,0,2023-01-28
1093,221,93.8,Standard,Desktop,0,2023-01-11
1100,268,27.88,Standard,Mobile,1,2023-01-08
1022,255,133.0,Null,Desktop,1,2023-01-03
1009,232,92.69,Premium,Mobile,0,2023-01-23
1068,235,122.76,Standard,mobille,1,2023-01-07
1099,219,8.46,Premium,Mobile,1,2023-01-23
1033,282,16.18,Premium,Desktop,0,2023-01-29
1051,298,129.22,Basic,Mobile,0,2023-01-07
1094,280,13.9,Basic,Mobile,0,2023-01-14
1009,261,13.75,Basic,Desktop,0,2023-01-02
1018,297,3.17,Premium,mobille,1,2023-01-10
1057,272,172.21,Premium,Mobile,0,2023-01-19
1095,225,133.01,Premium,Mobile,1,2023-01-26
1000,265,64.23,standard,Mobile,0,2023-01-09
1068,272,54.08,Premium,Mobile,0,2023-01-16
1003,272,63.6,Basic,Mobile,1,2023-01-19
1015,239,139.66,Standard,Desktop,0,2023-01-18
1023,216,119.39,Standard,Mobile,0,2023-01-09
1079,200,34.15,Standard,Mobile,0,2023-01-16
1001,288,32.17,Premium,TV,0,2023-01-13
1091,260,18.61,Premium,Mobile,1,2023-01-10
1031,242,119.19,Standard,Mobile,0,2023-01-25
1090,241,137.82,Standard,Mobile,1,2023-01-20
1083,224,48.44,Premium,Desktop,1,2023-01-14
1023,238,4.75,Standard,Mobile,0,2023-01-12
1011,234,15.71,Basic,Desktop,0,2023-01-25
1049,202,174.25,Standard,Mobile,0,2023-01-19
1034,300,53.88,Basic,Desktop,1,2023-01-07
1032,243,138.69,standard,Mobile,0,2023-01-23
1032,250,112.81,Basic,Desktop,1,2023-01-15
1060,293,69.37,Standard,TV,0,2023-01-16
1050,297,37.82,Standard,Desktop,1,2023-01-27
1042,211,22.73,Null,Mobile,0,2023-01-08
1100,218,111.09,Basic,Mobile,1,2023-01-10
1011,300,139.66,Basic,Mobile,0,2023-01-31
1066,243,116.26,Basic,Mobile,0,2023-01-04
1064,258,95.92,Basic,Mobile,0,2023-01-19
1032,248,8.51,Basic,TV,0,2023-01-19
1039,260,174.36,Premium,Mobile,,2023-01-31
1073,216,143.97,Basic,Desktop,0,2023-01-28
1042,273,53.42,Basic,Desktop,0,2023-01-21
1043,256,176.41,Premium,Desktop,1,2023-01-27
1028,254,108.74,Standard,Mobile,0,2023-01-15
1012,246,105.25,Standard,TV,1,2023-01-14
1011,211,134.91,Standard,Mobile,1,2023-01-01
1094,261,146.31,Null,TV,0,2023-01-16
1045,279,118.51,Basic,TV,1,2023-01-10
1001,287,23.93,Premium,TV,0,2023-01-19
1034,282,61.55,Premium,Desktop,0,2023-01-30
1086,207,167.13,Basic,Mobile,1,2023-01-22
1080,294,41.21,Null,Mobile,1,2023-01-03
1089,220,67.62,Basic,Desktop,0,2023-01-05
1007,280,78.34,Basic,Mobile,1,2023-01-09
1092,286,79.65,Premium,TV,0,2023-01-18
1025,300,110.72,Premium,Mobile,0,2023-01-11
1073,279,169.81,Premium,Mobile,1,2023-01-16
1089,269,44.08,Basic,Mobile,0,2023-01-02
1033,271,22.75,Standard,Mobile,0,2023-01-12
1006,224,36.35,Premium,Desktop,1,2023-01-22
1067,281,159.76,Standard,TV,1,2023-01-06
1057,288,116.6,Standard,Desktop,0,2023-01-11
1074,211,52.18,Basic,TV,1,2023-01-27
1028,214,147.05,Basic,TV,1,2023-01-08
1035,258,155.19,Premium,TV,1,2023-01-12
1088,225,152.53,Standard,Mobile,1,2023-01-29
1020,225,165.49,Null,TV,0,2023-01-27
1035,246,46.15,Standard,Mobile,0,2023-01-30
1009,231,136.15,Premium,Mobile,0,2023-01-02
1100,209,83.44,Basic,Desktop,1,2023-01-09
1072,215,151.72,Standard,Mobile,1,2023-01-15
1023,270,131.4,Basic,Mobile,1,2023-01-02
1063,216,139.98,Standard,Mobile,,2023-01-29
1098,222,118.45,Standard,Mobile,0,2023-01-01
1048,225,32.76,Null,mobille,0,2023-01-10
1098,284,98.56,Premium,Mobile,0,2023-01-02
1035,285,177.26,Basic,Mobile,0,2023-01-12
1081,206,168.79,Basic,Desktop,0,2023-01-23
1095,213,8.73,Basic,Mobile,0,2023-01-08
1023,278,30.5,Standard,mobille,1,2023-01-05
1022,206,24.58,Premium,Mobile,1,2023-01-22
1061,208,130.95,standard,Desktop,1,2023-01-28
1095,247,147.38,Basic,Desktop,1,INVALID
1036,271,39.22,Standard,DESKTOP,0,2023-01-15
1011,258,91.55,Standard,Desktop,1,2023-01-06
1054,286,151.49,Premium,TV,1,2023-01-12
1012,292,132.17,Standard,Mobile,1,2023-01-31
1022,281,98.06,Premium,Mobile,0,2023-01-08
1088,294,106.67,Premium,Mobile,0,2023-01-13
1098,293,92.0,Basic,TV,0,2023-01-19
1029,238,54.26,Premium,Mobile,1,2023-01-27
1016,298,102.14,Basic,Mobile,1,2023-01-01
1061,217,124.31,Premium,Mobile,1,2023-01-11
1083,258,157.32,Standard,Mobile,0,2023-01-20
1088,216,114.9,Standard,Mobile,1,2023-01-01
1085,213,137.24,BASIC,DESKTOP,1,2023-01-30
1012,230,29.65,Premium,Desktop,0,2023-01-08
1058,223,83.62,Premium,Desktop,0,2023-01-05
1018,298,2.67,Standard,TV,1,2023-01-17
1048,259,45.16,Premium,Mobile,0,2023-01-30
1099,244,131.04,Standard,Mobile,1,2023-01-08
1011,297,178.53,Premium,Mobile,,2023-01-25
1060,202,18.75,Standard,Mobile,1,2023-01-10
1018,236,72.87,Null,Desktop,1,2023-01-02
1075,242,144.21,standard,Mobile,1,2023-01-09
1008,239,37.52,Premium,Mobile,1,2023-01-24
1070,289,100.36,Basic,Desktop,0,2023-01-23
1027,254,132.22,Basic,mobille,0,2023-01-03
1077,286,111.26,Premium,TV,0,2023-01-18
1094,238,34.66,Basic,TV,1,2023-01-07
1051,214,64.61,Premium,TV,0,2023-01-15
1082,203,141.3,Standard,Mobile,0,2023-01-21
1015,292,100.21,Standard,TV,0,2023-01-22
1068,285,1.94,BASIC,Mobile,1,2023-01-20
1098,224,137.22,Premium,Desktop,1,2023-01-18
1011,212,7.32,Standard,Desktop,,2023-01-25
1024,281,134.49,Standard,Mobile,0,
1051,232,37.24,Standard,TV,1,2023-01-28
1084,215,172.5,Premium,mobille,1,2023-01-30
1099,241,66.86,Basic,Mobile,1,2023-01-23
1052,265,59.52,standard,TV,1,2023-01-14
1022,254,27.65,Premium,Mobile,0,2023-01-24
1015,298,55.7,Standard,Desktop,1,2023-01-02
1056,241,157.92,Premium,Desktop,0,2023-01-14
1038,233,179.34,Standard,Desktop,0,2023-01-22
1052,229,66.93,Standard,mobille,1,2023-01-11
1041,212,81.3,Null,TV,0,2023-01-16
1057,212,130.25,Basic,TV,0,2023-01-08
1038,217,159.63,Basic,Mobile,1,2023-01-07
1013,231,107.15,Standard,mobille,0,2023-01-11
1094,295,71.08,Standard,Mobile,1,2023-01-03
1004,298,74.86,Standard,TV,1,2023-01-17
1034,238,125.52,Premium,Mobile,1,2023-01-14
1086,245,1.58,Premium,Mobile,1,2023-01-06
1092,228,111.91,Premium,Desktop,1,2023-01-08
1074,261,64.63,Basic,Mobile,1,2023-01-22
1017,292,143.16,Standard,Mobile,1,2023-01-05
1075,261,17.65,Basic,Mobile,1,2023-01-27
1008,256,106.29,Basic,Mobile,1,2023-01-28
1073,215,87.09,Standard,Mobile,1,2023-01-08
1057,255,115.98,Basic,Mobile,0,2023-01-02
1016,209,12.61,Basic,Desktop,0,2023-01-15
1006,229,104.82,Basic,Mobile,1,2023-01-12
1045,224,101.51,standard,Desktop,0,2023-01-31
1012,283,101.36,standard,Mobile,0,2023-01-17
1039,204,109.02,Premium,DESKTOP,1,2023-01-01
1041,264,122.09,BASIC,TV,0,2023-01-15
1008,293,145.09,Premium,Mobile,0,2023-01-14
1049,248,49.3,Standard,TV,,2023-01-20
1026,202,148.68,Basic,TV,1,2023-01-22
1065,244,90.19,Premium,NULL,0,2023-01-16
1004,213,14.79,Premium,Desktop,,2023-01-29
1028,229,11.48,Premium,Mobile,1,2023-01-09
1036,267,60.83,Premium,Desktop,0,2023-01-01
1037,217,141.5,Standard,Desktop,0,2023-01-28
1082,261,127.67,Premium,Desktop,1,2023-01-17
1007,236,142.16,standard,Mobile,1,2023-01-29
1064,224,93.59,Standard,TV,1,2023-01-13
1085,247,79.8,Premium,DESKTOP,1,2023-01-21
1016,264,27.39,Standard,Mobile,1,2023-01-26
1070,252,59.75,Premium,Mobile,0,2023-01-21
1088,278,78.69,Premium,Mobile,1,2023-01-05
1044,272,16.86,Basic,TV,0,2023-01-10
1003,214,40.49,Premium,Desktop,1,2023-01-06
1035,248,108.08,Basic,Desktop,1,2023-01-24
1069,287,132.68,Premium,Desktop,0,2023-01-19
1030,267,179.7,Standard,Desktop,1,2023-01-25
1018,211,168.03,Premium,Mobile,0,2023-01-13
1060,258,116.02,Basic,Desktop,0,2023-01-01
1053,236,280.35181084349347,Premium,TV,1,2023-01-20
1038,260,114.88,Basic,NULL,0,2023-01-25
1090,300,141.63,Premium,DESKTOP,1,2023-01-15
1073,242,22.18,BASIC,DESKTOP,0,2023-01-14
1089,269,74.37,Null,Desktop,1,2023-01-08
1018,238,151.32,Premium,Desktop,1,2023-01-10
1038,255,69.71,Premium,TV,1,2023-01-09
1066,262,103.37,Basic,mobille,0,2023-01-17
1044,245,106.21,Standard,Mobile,1,2023-01-09
1012,287,34.02,Standard,Mobile,0,2023-01-03
1091,210,65.84,Premium,Mobile,0,2023-01-11
1057,261,60.88,BASIC,Desktop,0,2023-01-12
1019,276,5.69,Basic,Mobile,0,2023-01-10
1091,297,5.33,BASIC,Mobile,1,2023-01-25
1071,224,149.87,Premium,Mobile,0,2023-01-17
1060,270,49.88,Premium,Mobile,1,2023-01-17
1038,251,93.74,Basic,TV,1,2023-01-25
1000,203,212.20304943218486,Basic,Mobile,0,2023-01-11
1002,258,169.38,Standard,Desktop,1,2023-01-30
1076,271,47.41,Premium,Desktop,0,2023-01-22
1091,219,77.91,Basic,TV,0,2023-01-04
1061,292,157.22,Standard,Mobile,0,2023-01-07
1062,262,151.71,Premium,NULL,1,2023-01-21
1024,253,34.31,Premium,Desktop,1,2023-01-26
1055,273,144.67,BASIC,NULL,0,2023-01-14
1032,297,83.02,Standard,mobille,0,2023-01-07
1037,256,87.45,Standard,Mobile,1,2023-01-24
1005,289,24.89,Premium,Mobile,0,2023-01-08
1057,240,15.43,Standard,Mobile,1,2023-01-01
1043,202,131.3,Basic,Desktop,1,2023-01-24
1044,205,89.87,Basic,Mobile,0,2023-01-22
1031,204,79.2,Standard,Mobile,1,2023-01-04
1044,204,131.58,Basic,Desktop,0,2023-01-29
1060,253,138.03,Standard,Mobile,1,2023-01-30
1046,246,29.44,Basic,Mobile,1,2023-01-12
1020,286,110.23,Basic,Desktop,0,2023-01-24
1079,248,25.23,Premium,Mobile,0,2023-01-03
1084,208,135.5,Standard,Mobile,,2023-01-13
1074,298,118.59,Premium,Desktop,1,2023-01-20
1100,219,172.23,Basic,Desktop,0,2023-01-31
1035,260,13.34,Basic,TV,1,2023-01-06
1098,234,11.21,Premium,Desktop,0,2023-01-11
1018,249,51.51,Standard,Desktop,0,2023-01-23
1019,281,47.85,Standard,Desktop,1,2023-01-04
1056,261,45.21,Standard,TV,0,2023-01-20
1017,216,234.46040844475596,BASIC,TV,1,INVALID
1046,287,45.67,Standard,TV,0,2023-01-07
1048,202,49.68,Standard,Desktop,1,2023-01-22
1013,231,136.93,Premium,Mobile,0,2023-01-29
1014,298,81.5,Standard,Mobile,1,2023-01-11
1030,212,140.03,Standard,Mobile,1,2023-01-24
1000,288,12.7,Standard,DESKTOP,0,2023-01-01
1053,272,88.28,Premium,Desktop,1,2023-01-26
1002,267,7.02,Basic,TV,0,2023-01-29
1015,213,12.21,Basic,Mobile,0,2023-01-27
1086,300,163.25,Standard,TV,1,2023-01-07
1056,297,25.92,Premium,Mobile,0,2023-01-12
1074,210,96.3,Basic,Mobile,1,2023-01-07
1011,255,74.59,Null,Mobile,1,2023-01-27
1073,266,63.17,Standard,Desktop,1,2023-01-23
1095,291,162.07,Null,Desktop,0,2023-01-07
1015,228,4.91,standard,TV,0,2023-01-10
1071,208,119.82,Standard,Mobile,0,2023-01-30
1075,266,173.45,Basic,Desktop,1,2023-01-16
1023,224,212.5125257141747,Basic,Desktop,1,2023-01-26
1027,297,168.69,Basic,Mobile,1,2023-01-08
1007,275,10.35,Premium,TV,0,2023-01-09
1091,241,-16.55821541409481,Basic,TV,0,2023-01-09
1035,208,47.57,Standard,TV,0,2023-01-02
1089,278,131.82,Standard,TV,0,2023-01-13
1007,239,176.65,BASIC,TV,0,2023-01-13
1057,224,46.92,Basic,Mobile,0,2023-01-23
1059,204,118.1,Basic,TV,0,2023-01-23
1049,210,36.46,Basic,Mobile,0,2023-01-04
1027,258,102.19,BASIC,Mobile,0,2023-01-25
1091,297,84.04,Premium,Mobile,0,2023-01-24
1100,287,174.99,Basic,TV,0,
1040,278,109.93,Basic,TV,0,2023-01-17
1099,237,63.56,Basic,Mobile,1,2023-01-02
1063,271,21.42,Basic,TV,0,2023-01-13
1026,204,28.07,standard,mobille,0,2023-01-31
1062,247,41.33,Premium,Mobile,0,2023-01-29
1016,289,45.92,Standard,Mobile,0,2023-01-18
1072,217,153.26,Premium,TV,0,2023-01-28
1032,269,101.46,Basic,Mobile,0,2023-01-28
1083,236,94.69,Premium,Desktop,1,2023-01-27
1076,259,21.54,Premium,Mobile,0,2023-01-15
1091,247,154.97,Standard,Desktop,0,2023-01-31
1028,276,130.38,Premium,TV,1,2023-01-08
1012,227,13.11,Basic,Desktop,0,2023-01-15
1045,268,127.7,Basic,TV,0,2023-01-01
1034,276,98.29,Basic,TV,1,2023-01-20
1005,280,15.63,Standard,TV,1,2023-01-10
1081,239,83.04,Premium,Desktop,0,2023-01-12
1068,244,87.76,standard,Mobile,0,2023-01-05
1046,295,30.67,Premium,Desktop,0,2023-01-09
1024,261,170.28,Premium,Mobile,0,2023-01-23
1065,292,153.15,Premium,TV,1,2023-01-08
1009,257,120.75,Basic,Mobile,0,2023-01-16
1055,266,83.75,Standard,Desktop,0,2023-01-14
1029,255,74.71,Basic,Mobile,1,2023-01-27
1004,239,117.52,Premium,TV,1,2023-01-25
1032,297,98.63,standard,TV,0,2023-01-13
1064,239,12.15,Basic,Mobile,1,2023-01-23
1017,290,92.74,Premium,TV,0,2023-01-21
1095,276,145.35,Premium,Mobile,1,2023-01-13
1048,232,83.2,Standard,Desktop,0,2023-01-31
1010,205,10.3,Standard,TV,0,2023-01-05
1084,287,141.74,Standard,Mobile,0,2023-01-16
1025,218,37.04,Basic,DESKTOP,0,2023-01-26
1062,279,47.29,Basic,Mobile,0,2023-01-11
1088,239,30.48,Basic,Mobile,1,2023-01-22
1085,291,60.11,Standard,mobille,1,2023-01-05
1058,296,136.46,Basic,Mobile,0,2023-01-13
1026,258,93.97,Premium,NULL,0,2023-01-28
1048,258,37.67,Standard,DESKTOP,0,2023-01-11
1076,247,158.13,Premium,Mobile,1,2023-01-25
1032,240,158.45,Standard,Desktop,1,2023-01-19
1097,212,156.83,Standard,Mobile,1,2023-01-03
1098,244,43.74,standard,Desktop,1,2023-01-15
1000,288,81.77,Basic,Mobile,0,2023-01-07
1020,252,177.31,Basic,Mobile,0,2023-01-07
1054,241,139.19,Premium,Mobile,1,2023-01-06
1005,299,5.86,Basic,Desktop,1,2023-01-03
1091,262,12.67,Basic,NULL,0,2023-01-30
1080,226,84.04,Standard,TV,0,2023-01-13
1068,237,163.75,Basic,TV,1,2023-01-07
1094,259,97.43,Standard,Desktop,0,2023-01-05
1004,206,90.11,Basic,TV,0,2023-01-23
1002,204,19.88,Premium,Mobile,1,2023-01-18
1052,244,118.56,Premium,TV,0,2023-01-22
1022,257,148.16,Premium,NULL,0,2023-01-30
1100,230,69.1,Premium,Mobile,1,2023-01-08
1052,222,139.83,Premium,Desktop,1,2023-01-17
1036,241,173.64,Basic,TV,,2023-01-20
1073,209,37.47,Premium,mobille,0,2023-01-27
1073,231,94.68,Premium,TV,0,2023-01-01
1082,252,52.4,Premium,Mobile,1,2023-01-14
1016,229,142.92,Standard,Mobile,1,2023-01-17
1084,238,104.39,Basic,Mobile,0,2023-01-10
1077,230,114.59,Standard,TV,1,2023-01-12
1072,281,143.83,Premium,Mobile,0,2023-01-16
1000,299,71.88,Basic,TV,0,2023-01-14
1050,201,164.8,Premium,Mobile,0,2023-01-30
1044,277,96.41,Basic,Mobile,0,2023-01-27
1076,276,29.27,Basic,Desktop,0,2023-01-16
1003,292,125.57,Basic,TV,1,2023-01-08
1061,211,142.99,Basic,Mobile,1,2023-01-23
1064,238,57.7,Standard,Desktop,1,2023-01-28
1031,265,154.44,Basic,Desktop,0,2023-01-10
1033,295,163.2,Null,Mobile,0,2023-01-29
1091,212,50.57,Standard,Mobile,0,2023-01-17
1094,245,177.05,Basic,TV,0,2023-01-27
1071,226,26.19,Premium,Desktop,1,2023-01-30
1038,216,37.16,Premium,Mobile,1,2023-01-29
1025,294,33.98,Premium,TV,1,2023-01-18
1033,297,161.02,Basic,NULL,0,2023-01-20
1053,259,118.12,Premium,Desktop,0,2023-01-16
1002,263,28.23,Premium,Desktop,0,2023-01-17
1049,287,79.82,Basic,TV,0,2023-01-16
1011,234,111.14,Basic,DESKTOP,1,2023-01-19
1064,269,15.94,Standard,TV,,2023-01-24
1053,282,158.95,Basic,Desktop,0,2023-01-24
1004,229,144.85,Premium,Desktop,1,2023-01-08
1093,270,91.43,Standard,TV,1,2023-01-06
1093,273,174.12,BASIC,Mobile,0,2023-01-06
1056,295,75.78,Standard,Desktop,1,2023-01-21
1016,297,177.16,Basic,TV,0,2023-01-29
1046,262,120.56,Basic,Desktop,0,2023-01-09
1022,227,114.61,Standard,Desktop,1,2023-01-04
1078,259,30.71,Premium,Desktop,1,2023-01-26
1100,278,158.87,Premium,Mobile,0,2023-01-31
1084,293,77.52,Basic,Desktop,0,2023-01-12
1013,236,30.04,Basic,TV,1,2023-01-28
1065,292,3.26,Basic,Mobile,1,2023-01-12
1074,221,101.2,Premium,Mobile,1,2023-01-23
1050,267,95.4,Basic,DESKTOP,0,2023-01-17
1037,219,129.76,Standard,Mobile,1,2023-01-15
1063,295,160.36,Premium,Mobile,0,2023-01-09
1097,299,15.21,standard,DESKTOP,1,2023-01-07
1037,267,131.94,Standard,TV,0,2023-01-10
1049,290,34.55,Basic,Desktop,1,2023-01-16
1097,263,154.61,Premium,TV,0,2023-01-12
1081,216,147.61,Premium,Mobile,0,2023-01-25
1029,211,97.8,Standard,TV,0,2023-01-07
1078,221,128.13,BASIC,Desktop,0,2023-01-18
1090,216,-8.79816605113209,Premium,TV,1,2023-01-15
1050,209,85.34,Basic,Desktop,1,2023-01-06
1062,264,148.07,Basic,Desktop,1,2023-01-26
1097,221,83.21,Standard,Desktop,0,2023-01-12
1051,289,65.05,Premium,Desktop,1,2023-01-11
1037,281,-17.401172554641175,Basic,TV,1,2023-01-20
1096,249,149.26,Premium,Desktop,0,2023-01-03
1087,213,61.0,Premium,Desktop,0,2023-01-02
1078,263,32.1,Basic,Desktop,1,2023-01-06
1029,246,128.45,Premium,Desktop,1,2023-01-24
1050,228,148.85,standard,TV,1,2023-01-22
1080,275,19.01,Basic,TV,0,2023-01-25
1004,235,43.94,Standard,Desktop,1,2023-01-30
1028,298,26.41,Standard,mobille,0,INVALID
1003,251,63.28,Premium,TV,1,2023-01-18
1009,275,81.61,Null,Desktop,1,2023-01-16
1055,206,135.04,Standard,Desktop,0,2023-01-08
1016,228,117.56,Premium,mobille,1,2023-01-25
1073,210,112.15,Standard,Desktop,0,2023-01-30
1016,232,64.08,Standard,TV,,2023-01-26
1083,205,151.62,Basic,Desktop,0,2023-01-20
1087,278,85.36,Basic,Desktop,0,2023-01-22
1068,231,176.26,Basic,Mobile,0,2023-01-31
1033,250,114.51,Standard,Desktop,0,2023-01-11
1005,274,23.6,Basic,DESKTOP,0,2023-01-10
1052,257,-16.39608491743704,BASIC,Desktop,1,2023-01-24
1065,286,59.19,Basic,Desktop,1,2023-01-25
1076,225,123.85,Basic,DESKTOP,1,2023-01-12
1042,297,13.47,Standard,Desktop,0,2023-01-21
1074,245,32.3,Premium,Desktop,1,2023-01-28
1022,297,154.18,Basic,TV,0,2023-01-06
1054,228,41.67,Standard,TV,1,2023-01-27
1079,203,150.83,Null,Mobile,0,2023-01-20
1094,280,50.99,Basic,Desktop,1,2023-01-05
1074,298,116.08,Standard,Desktop,1,2023-01-23
1015,212,125.25,Premium,Mobile,1,2023-01-09
1007,238,92.77,Basic,Desktop,0,2023-01-26
1003,214,55.65,Standard,Desktop,0,2023-01-27
1003,228,39.06,Standard,Mobile,0,2023-01-29
1055,228,6.94,Standard,Desktop,1,2023-01-16
1024,274,55.41,Basic,Mobile,1,2023-01-22
1066,231,117.92,Basic,Desktop,0,2023-01-14
1095,201,168.96,Standard,TV,1,2023-01-22
1066,246,156.95,Basic,TV,1,2023-01-08
1026,277,138.13,Premium,Mobile,1,2023-01-27
1092,283,142.13,Standard,Mobile,0,2023-01-20
1031,221,120.03,Standard,Mobile,0,2023-01-19
1049,274,47.59,Premium,Desktop,0,2023-01-14
1060,226,163.39,Premium,Mobile,1,2023-01-07
1050,266,121.06,Basic,Desktop,0,2023-01-05
1018,280,101.32,standard,Mobile,0,2023-01-18
1020,255,20.87,Basic,TV,1,2023-01-02
1004,291,-16.819499925194773,Basic,Mobile,1,2023-01-11
1081,292,83.4,Premium,Mobile,1,2023-01-22
1091,220,155.76,Standard,TV,0,2023-01-08
1041,246,98.85,Standard,Mobile,0,2023-01-01
1060,279,69.09,Basic,Mobile,1,2023-01-31
1021,300,175.85,Standard,Desktop,0,2023-01-27
1020,258,20.82,Basic,Desktop,0,2023-01-22
1069,283,76.64,BASIC,TV,0,2023-01-12
1000,205,8.52,Basic,Mobile,0,2023-01-02
1004,218,133.44,Premium,Desktop,0,2023-01-18
1011,256,165.34,Standard,Mobile,1,2023-01-07
1089,268,51.13,Premium,Mobile,1,2023-01-26
1045,202,154.64,Premium,TV,1,2023-01-17
1033,200,53.31,Premium,TV,0,2023-01-22
1048,257,164.03,Standard,Mobile,0,2023-01-30
1077,237,135.96,Basic,Desktop,0,2023-01-23
1089,214,145.08,Basic,Mobile,1,2023-01-14
1044,233,4.22,Premium,TV,0,2023-01-24
1026,260,173.34,Premium,Mobile,1,2023-01-07
1072,234,131.07,Standard,Mobile,1,2023-01-22
1025,263,55.55,Basic,Desktop,0,2023-01-25
1046,224,149.46,Standard,Desktop,0,2023-01-29
1085,223,51.39,Premium,Desktop,1,2023-01-03
1055,211,157.22,Standard,Mobile,1,2023-01-27
1093,217,21.15,Premium,Mobile,0,2023-01-06
1062,214,126.96,Null,Desktop,0,2023-01-20
1047,279,97.79,Basic,Mobile,1,2023-01-02
1060,226,18.28,Standard,TV,0,2023-01-17
1080,271,44.3,Standard,Mobile,0,2023-01-12
1025,259,3.22,Standard,Desktop,0,2023-01-12
1035,245,84.91,Basic,Desktop,1,2023-01-30
1000,288,54.93,Basic,Mobile,0,2023-01-17
1007,216,108.11,Premium,Desktop,0,2023-01-27
1098,292,54.21,Standard,TV,0,2023-01-10
1051,252,54.69,Standard,Mobile,1,2023-01-03
1078,207,134.03,BASIC,mobille,,2023-01-20
1046,278,9.62,Premium,Desktop,1,2023-01-18
1055,226,162.62,Basic,Mobile,1,2023-01-13
1085,245,153.56,Standard,Desktop,1,2023-01-12
1013,249,120.54,Standard,Mobile,0,2023-01-27
1089,270,107.19,Premium,TV,0,2023-01-27
1027,202,160.72,Premium,TV,1,2023-01-30
1086,292,34.17,Premium,TV,0,2023-01-27
1077,263,15.14,Standard,NULL,0,2023-01-17
1087,243,43.87,Premium,TV,1,2023-01-04
1001,252,143.23,Basic,Desktop,0,2023-01-31
1025,223,7.21,Basic,Mobile,0,2023-01-23
1013,259,105.32,Standard,Desktop,,2023-01-10
1058,202,179.18,Basic,Mobile,1,2023-01-11
1055,219,154.17,Basic,TV,0,2023-01-06
1006,245,94.34,Premium,Desktop,,2023-01-06
1002,214,12.39,standard,Mobile,1,2023-01-27
1022,224,149.82,Standard,Mobile,1,2023-01-09
1017,293,108.22,Basic,Mobile,0,2023-01-30
1037,277,21.57,Basic,Desktop,0,2023-01-15
1098,270,17.8,Basic,Desktop,1,2023-01-02
1014,216,163.82,Basic,Desktop,1,2023-01-04
1063,283,120.79,BASIC,Desktop,1,2023-01-05
1088,299,149.44,Basic,Desktop,0,2023-01-17
1100,208,158.34,Standard,Mobile,0,2023-01-08
1027,237,103.35,Basic,Mobile,1,2023-01-08
1073,247,93.62,Premium,Desktop,0,2023-01-22
1038,259,78.05,Premium,Desktop,1,2023-01-12
